dogName, count
BELLA,115
LUCY,80
SADIE,78
MAX,76
BUDDY,74
BAILEY,64
CHARLIE,63
DAISY,61
JACK,59
GINGER,58
MOLLY,58
LILY,56
BEAR,51
ROXY,50
LUNA,49
ABBY,48
COOPER,47
MAGGIE,47
ROCKY,46
DUKE,43
KENAI,42
RILEY,42
WILLOW,42
KODA,38
SHADOW,38
JAKE,37
RUBY,37
DENALI,36
LADY,36
LUCKY,36
SOPHIE,36
TOBY,36
HARLEY,35
LOKI,33
SAM,32
CHLOE,31
COCO,31
ROSIE,31
DIESEL,30
BANDIT,28
GRACIE,28
PENNY,28
PIPER,28
CODY,27
LOLA,27
PEPPER,27
RUGER,27
TUCKER,27
BENTLEY,26
GUS,26
BLUE,25
LILLY,25
SCOUT,25
ZOE,25
KODIAK,24
YUKON,24
BUSTER,23
JASPER,23
STELLA,23
ZOEY,23
DAKOTA,22
KISKA,22
MILO,22
MISSY,22
MURPHY,22
ANNIE,21
BELLE,21
EMMA,21
KONA,21
OSCAR,21
RAVEN,21
SASHA,21
ZEUS,21
MARLEY,20
TITAN,20
ATHENA,19
ELLIE,19
FINN,19
FRANKIE,19
NALA,19
OLIVER,19
RANGER,19
GEORGE,18
MOCHA,18
ANGEL,17
BAXTER,17
CHANCE,17
DOZER,17
JACKSON,17
JAX,17
KATIE,17
MINNIE,17
MOOSE,17
OTIS,17
SAMMY,17
WINSTON,17
AURORA,16
COPPER,16
DEXTER,16
LEXI,16
LULU,16
MIA,16
SPARKY,16
SUGAR,16
THOR,16
HUNTER,15
JASMINE,15
LEO,15
LOUIE,15
MADDIE,15
PEANUT,15
GIZMO,14
GUNNER,14
HENRY,14
HOLLY,14
KING,14
KOBUK,14
MISTY,14
ODIN,14
POPPY,14
PRINCESS,14
ROSCOE,14
SPIKE,14
TAZ,14
TEDDY,14
APOLLO,13
BO,13
COCOA,13
HONEY,13
IZZY,13
MCKINLEY,13
MICKEY,13
MILLIE,13
OLIVE,13
OREO,13
SAMPSON,13
BOO,12
BRODY,12
DALLAS,12
HAZEL,12
RIVER,12
ROXIE,12
SMOKEY,12
BRUTUS,11
CALLIE,11
CASH,11
CHENA,11
CHEWY,11
DESHKA,11
JOEY,11
LUKE,11
MOJO,11
OLLIE,11
ONYX,11
PORTER,11
PRINCE,11
RIPLEY,11
SCOOTER,11
SNICKERS,11
SUNNY,11
TRIGGER,11
XENA,11
BENNY,10
CALI,10
CINNAMON,10
COSMO,10
DIAMOND,10
DUSTY,10
HANK,10
JUNO,10
KAI,10
LAYLA,10
MAXIMUS,10
MAYA,10
NELLIE,10
OAKLEY,10
ROMEO,10
RUDY,10
RUSTY,10
RYDER,10
SALLY,10
SAMSON,10
SANDY,10
SITKA,10
SNOOPY,10
STAR,10
SYDNEY,10
TANK,10
TYSON,10
ZEKE,10
ZIGGY,10
ACE,9
ALLIE,9
BABY,9
BOOMER,9
BUBBA,9
CHASE,9
CHICO,9
DIXIE,9
HOMER,9
HOPE,9
KOA,9
MIDNIGHT,9
REMY,9
REX,9
RIO,9
RUFUS,9
SAMANTHA,9
SARGE,9
SASSY,9
SIERRA,9
STORMY,9
WRIGLEY,9
ASPEN,8
BONNIE,8
CASEY,8
CASSIE,8
CHICA,8
CLEO,8
COOKIE,8
DELILAH,8
DOC,8
DOLLY,8
FRITZ,8
HEIDI,8
HERCULES,8
ISIS,8
JADE,8
JOY,8
MADDY,8
MATTIE,8
NINA,8
NOVA,8
NUGGET,8
ODIE,8
PHOEBE,8
ROCCO,8
STANLEY,8
TILLY,8
TIMBER,8
TROOPER,8
ABBEY,7
AMBER,7
ANGUS,7
ATLAS,7
AUTUMN,7
BEAU,7
BERNIE,7
BRISTOL,7
BRUCE,7
BRUNO,7
CAPTAIN,7
COMET,7
CRICKET,7
EDDIE,7
ELLA,7
ELSA,7
FOXY,7
GIGI,7
GRIZZLY,7
HANNAH,7
JAZZ,7
JESSIE,7
JOSIE,7
KAISER,7
KALI,7
KARMA,7
KAYA,7
KINLEY,7
KOBE,7
LOGAN,7
MACY,7
MASON,7
MISHKA,7
NIKKI,7
OLAF,7
PARKER,7
PATCHES,7
PRECIOUS,7
REMINGTON,7
ROO,7
ROWDY,7
SABLE,7
SARAH,7
SCRAPPY,7
SHEBA,7
SHELBY,7
SIMBA,7
SKIPPY,7
SKYE,7
WILLIE,7
ABIGAIL,6
ALICE,6
ALYESKA,6
ANNA,6
ARCHIE,6
AXEL,6
BARKLEY,6
BETTY,6
BLAZE,6
BOBBY,6
BOLT,6
BOWSER,6
BRODIE,6
BUTTERS,6
CAESAR,6
CASPER,6
CEDAR,6
CHAMP,6
CHEVY,6
CHIEF,6
CHINOOK,6
CLYDE,6
COWBOY,6
DAPHNE,6
DAWSON,6
DAX,6
DEUCE,6
DRAKE,6
DUTCHESS,6
ELVIS,6
FANCY,6
FRECKLES,6
GABBY,6
GRACE,6
GRETA,6
JOE,6
KIMBER,6
KITA,6
LEIA,6
LIBERTY,6
MADISON,6
MERLIN,6
PACO,6
PANDA,6
PEARL,6
PENELOPE,6
PETE,6
PIXIE,6
PONCHO,6
RAIDER,6
RAMBO,6
RASCAL,6
REGGIE,6
REMI,6
ROSE,6
ROSEY,6
SIMON,6
TINKERBELL,6
TINY,6
TRAPPER,6
WATSON,6
WINNIE,6
YUKI,6
ZORRO,6
AJAX,5
ANDY,5
ATTU,5
BABE,5
BANJO,5
BEN,5
BINGO,5
BODHI,5
BORIS,5
BRADY,5
BRANDY,5
BROWNIE,5
BUCK,5
BUZZ,5
CAPONE,5
CHEWIE,5
CHIP,5
COHO,5
CRUISER,5
DAISY MAE,5
DASH,5
ELI,5
ENZO,5
EVA,5
FIONA,5
GIDGET,5
GINNY,5
GOLDIE,5
GYPSY,5
ISABELLA,5
IVY,5
KIERA,5
KIKI,5
KIRA,5
LACEY,5
LENNY,5
LIZZIE,5
MACK,5
MAISY,5
MISTER,5
MYA,5
NANOOK,5
NEMO,5
NYX,5
OLIVIA,5
PAPI,5
PEACHES,5
RADAR,5
REBEL,5
RED,5
RINGO,5
ROGUE,5
ROLO,5
SCOOBY,5
SEAMUS,5
SHERMAN,5
SONNY,5
SOPHIA,5
TASHA,5
TIA,5
TONKA,5
TORI,5
TROY,5
TUNDRA,5
WYATT,5
YODA,5
ZIVA,5
ZUES,5
APRIL,4
ABBIE,4
ADAK,4
ARES,4
ATIGUN,4
AUGGIE,4
AVA,4
AZUL,4
BABY GIRL,4
BENELLI,4
BENJI,4
BROOKS,4
CEASAR,4
CHAI,4
CHILI,4
CINDER,4
CLOVER,4
COLBY,4
COLE,4
DAISEY,4
DIEGO,4
DIGGER,4
DJ,4
DORA,4
DOUGLAS,4
DYLAN,4
EBONY,4
EMMETT,4
EMMY,4
FINLEY,4
FRANK,4
FRANKLIN,4
FRED,4
FREYA,4
FRODO,4
GEMMA,4
GERTIE,4
GOOSE,4
GUCCI,4
HAPPY,4
HARVEY,4
HATCHER,4
HOWIE,4
HUCK,4
IGGY,4
INDY,4
IVAN,4
JAGER,4
JAXON,4
JENNY,4
JESSE,4
JEWELS,4
JUNEAU,4
KAYLEE,4
KEENA,4
KILO,4
KODY,4
LENA,4
LEXIE,4
LIZZY,4
LYLA,4
MAC,4
MACKENZIE,4
MAIZY,4
MANDY,4
MARY,4
MARY JANE,4
MATILDA,4
MCKENZIE,4
MIMI,4
MISHA,4
MISKA,4
MOE,4
MOKI,4
MOLLIE,4
MOXIE,4
NAHLA,4
NIKO,4
NORMAN,4
O'MALLEY,4
OPIE,4
OTTO,4
OZZY,4
PAISLEY,4
PATCH,4
PEBBLES,4
PERCY,4
PETER,4
PETEY,4
PIPPIN,4
PJ,4
POLLY,4
QUEENIE,4
QUINN,4
ROGER,4
ROSCO,4
ROXI,4
RUPERT,4
SAWYER,4
SCARLETT,4
SCRUFFY,4
SCULLY,4
SHILOH,4
SIDNEY,4
SKY,4
SNOWBALL,4
SOLO,4
SPENCER,4
STORM,4
SUKI,4
SUMMIT,4
SUNSHINE,4
SUSIE,4
SWEET PEA,4
TAZLINA,4
TEEKA,4
TESS,4
TESSA,4
THEO,4
TITUS,4
TOK,4
TRIXIE,4
TUFFY,4
TUX,4
TY,4
VIOLET,4
WALLY,4
WILLA,4
WRANGELL,4
ZELDA,4
ZEPHYR,4
JUNE,3
TUESDAY,3
ADDIE,3
AKIRA,3
ALEX,3
ALI,3
ARLO,3
ARROW,3
ASH,3
ATKA,3
AUSTIN,3
AVERY,3
AXLE,3
AYLA,3
BAM BAM,3
BARLEY,3
BARON,3
BATMAN,3
BAUER,3
BAYLEE,3
BEA,3
BEAN,3
BEAUX,3
BEBE,3
BENNIE,3
BERT,3
BETSY,3
BLANCA,3
BLIZZARD,3
BOB,3
BOBO,3
BOGEY,3
BOJANGLES,3
BOONE,3
BOOTS,3
BOSS,3
BOULDER,3
BREE,3
BUCKY,3
BUD,3
BULLET,3
BUTCH,3
CABO,3
CANDY,3
CESAR,3
CHAOS,3
CHARLEY,3
CHARLOTTE,3
CHESTER,3
CHEYENNE,3
CHINO,3
CHUBBS,3
CHULI,3
CINDY,3
COAL,3
COLT,3
CORA,3
DANTE,3
DARBY,3
DINGO,3
DIVA,3
DOBBY,3
DORY,3
DOT,3
DUDE,3
DUNCAN,3
DUTCH,3
EASTON,3
ECHO,3
ESKA,3
EVE,3
FARLEY,3
FELIX,3
FERGUS,3
FIFI,3
FINNEGAN,3
FLYNN,3
FORREST,3
FREDDIE,3
FREEDOM,3
FREYJA,3
GALENA,3
GHOST,3
GLORY,3
GOLIATH,3
GOOFY,3
GRIFFIN,3
HAILEY,3
HARLOW,3
HARRY,3
HERSHEY,3
HOBBS,3
HONEY BEAR,3
HOOPER,3
HOOVER,3
HOSS,3
INDIE,3
INDIGO,3
IRIS,3
JACKIE,3
JAZMINE,3
JAZZY,3
JEDI,3
JETHRO,3
JIMMY,3
JJ,3
JULES,3
JULIE,3
JUNIOR,3
JUPITER,3
KAHN,3
KANE,3
KATE,3
KEENEYE,3
KEIRA,3
KETA,3
KHLOE,3
KIRBY,3
KIWI,3
KNIK,3
KODI,3
KOKO,3
KOTA,3
KOVU,3
KRAMER,3
KRATOS,3
LADY BUG,3
LARRY,3
LEILA,3
LEXUS,3
LIAM,3
LIBBY,3
LINCOLN,3
LINK,3
LITTLE GUY,3
LUCA,3
MABEL,3
MAE,3
MAGPIE,3
MAISIE,3
MALI,3
MAPLE,3
MARLEE,3
MAVERICK,3
MAXWELL,3
MICK,3
MIKE,3
MIKEY,3
MILA,3
MILES,3
MILEY,3
MILLY,3
MINDI,3
MINION,3
MJ,3
MORGAN,3
MUFFIN,3
MURRAY,3
NACHO,3
NADIA,3
NELCHINA,3
NEO,3
NICKI,3
NIKE,3
NOODLE,3
NUKA,3
NUKKA,3
OBI,3
OLIE,3
OLLY,3
OLY,3
ORION,3
OZZIE,3
PARIS,3
PATTON,3
PAXSON,3
PICKLE,3
PILOT,3
PIXEL,3
POGO,3
POLAR BEAR,3
PUCK,3
PUPPY,3
QUEEN,3
RAGNAR,3
RASTA,3
REBA,3
REMUS,3
RENO,3
RICKY,3
RIGBY,3
ROCKET,3
ROCKO,3
ROMAN,3
RONAN,3
RUE,3
RUSSELL,3
RYLIE,3
SABBATH,3
SAGE,3
SAILOR,3
SAMMIE,3
SARA,3
SEBASTIAN,3
SHADY,3
SHAE,3
SHANE,3
SKIFF,3
SKIPPER,3
SKYLAR,3
SNOW,3
SOX,3
SPICE,3
SPOCK,3
SPOT,3
SPROCKET,3
STEVE,3
SUKA,3
TAYLOR,3
TESLA,3
TIGGER,3
TIKAANI,3
TINA,3
TIPPY,3
TONKS,3
TOTO,3
TRINITY,3
TROUBLE,3
TRUDY,3
TURBO,3
TUULI,3
WILEY,3
WILSON,3
WINCHESTER,3
WINTER,3
WOODY,3
YOSHI,3
ZEEK,3
ZENA,3
MAY,2
WEDNESDAY,2
ABE,2
AGNES,2
AJ,2
ALEXIS,2
ALLIE GIRL,2
ALVIN,2
AMERICA,2
AMMO,2
AMY,2
ANAKIN,2
ANGIE,2
ANIAK,2
ANNI,2
APU,2
ARIEL,2
ARIES,2
ARMANI,2
ARTHUR,2
ARYA,2
ASHA,2
ASTRO,2
ATREYU,2
ATTICUS,2
AUGIE,2
AXL,2
BADGER,2
BAILEE,2
BALOO,2
BALTO,2
BAMBI,2
BARNEY,2
BEAMER,2
BEANIE,2
BEANS,2
BEAST,2
BEAUFORT,2
BELL,2
BEORN,2
BERGERON,2
BERNADETTE,2
BETTY BOOP,2
BIG MAC,2
BIGGS,2
BILLY,2
BING,2
BISCUIT,2
BJORN,2
BLACK JACK,2
BLACKIE,2
BLESSING,2
BLITZ,2
BLOSSOM,2
BLU,2
BODE,2
BODIE,2
BOMBER,2
BONES,2
BOOGER,2
BOOGIE,2
BOSCO,2
BOSSY,2
BOSTON,2
BOZER,2
BRANDI,2
BRAUTWURST,2
BREEZE,2
BREWSKI,2
BRIAN,2
BRIE,2
BRIO,2
BROCK,2
BROOK,2
BUDDIE,2
BUG,2
BURBERRY,2
BURTON,2
BUSHIDO,2
BUTTERCUP,2
BUTTONS,2
CAMI,2
CARAMEL,2
CARRIE,2
CASPIAN,2
CASSIDY,2
CECE,2
CECIL,2
CHACO,2
CHAPO,2
CHARLI,2
CHEWBACCA,2
CHIBI,2
CHIQUITA,2
CHOPPER,2
CHUCHO,2
CLAIRE,2
CLEOPATRA,2
CLIFFORD,2
COCHISE,2
CONNOR,2
CORDELIA,2
COTTON,2
CROSBY,2
CRUZ,2
CUDDLES,2
CUJO,2
CUPCAKE,2
D.O.G.,2
DAGAN,2
DAISY DUKE,2
DAISY MAY,2
DANGER,2
DANNY,2
DARLA,2
DEBO,2
DECLAN,2
DEEDEE,2
DEISEL,2
DEL,2
DELTA,2
DESTINY,2
DEWEY,2
DHARMA,2
DIVER,2
DIZZY,2
DJANGO,2
DODGER,2
DOJA,2
DOMINO,2
DOOBEY,2
DOODLE,2
DOOLEY,2
DORI,2
DRAGON,2
DUALLY,2
DUBLIN,2
DUCHESS,2
DUDLEY,2
DUFFY,2
DUGAN,2
DYNA,2
EARL,2
EDWARD,2
EINSTEIN,2
ELE ELE,2
ELIAS,2
ELIOT,2
EMBER,2
ERIS,2
ERNIE,2
FALCO,2
FENWAY,2
FERN,2
FISHER,2
FLETCHER,2
FLEURY,2
FLIP,2
FLOPPY,2
FLOWER,2
FLOYD,2
FLUFFY,2
GABY,2
GAGE,2
GEMINI,2
GEORGIA,2
GIBBS,2
GIDEON,2
GIMLI,2
GOOMBA,2
GOTTI,2
GRIZZ,2
GROMIT,2
GUINESS,2
GUMBO,2
GUNNAR,2
GUSTAVO,2
HAKU,2
HALO,2
HANNIBAL,2
HAROLD,2
HARPER,2
HARRY POTTER,2
HAWKEYE,2
HECTOR,2
HEFF,2
HENDRIX,2
HERBIE,2
HERO,2
HONDO,2
HOOCH,2
HUCKLEBERRY,2
HUDSON,2
HUGO,2
HUNNY,2
ICHIGO,2
IKE,2
INNOKO,2
ISABEL,2
ISABELLE,2
ISADORA,2
IZABEL,2
JADEN,2
JAEGER,2
JANE,2
JANGO,2
JAXX,2
JAY JAY,2
JD,2
JEB,2
JEEP,2
JELLY BEAN,2
JET,2
JETT,2
JEZEBEL,2
JILL,2
JINGLE,2
JOANIE,2
JODIE,2
JOHNNY,2
JOJO,2
JOLIE,2
JONAH,2
JORDAN,2
JOSEPHINE,2
JUBILEE,2
JUDGE,2
JUNE BUG,2
KAIBAB,2
KANANI,2
KANGA,2
KANYE,2
KASH,2
KASHI,2
KATY,2
KAYLA,2
KEELY,2
KEETA,2
KELLY,2
KENZI,2
KENZIE,2
KIA,2
KIARA,2
KIEFER,2
KIJIK,2
KILLER,2
KILLIAN,2
KINGSTON,2
KIP,2
KIPPER,2
KISSER,2
KIT,2
KITTY,2
KIVI,2
KIYAH,2
KNUCKLES,2
KOBA,2
KODAK,2
KODIE,2
KOKOA,2
KRYSTAL,2
KUKUI,2
KUMA,2
LACI,2
LACY,2
LAMBEAU,2
LANA,2
LANI,2
LARA,2
LATTE,2
LB,2
LEAH,2
LEDA,2
LEONIDAS,2
LEROY,2
LEVI,2
LILA,2
LINUS,2
LITTLE BIT,2
LITTLE GIRL,2
LIZARD,2
LOUIS,2
LUCAS,2
LUCY LU,2
LUKA,2
LUMI,2
LUPA,2
MAIZEY,2
MAJOR,2
MALIBU,2
MARCO,2
MARCUS,2
MARIA,2
MARIAH,2
MARIO,2
MARSHALL,2
MARTY,2
MAUI,2
MAVIS,2
MAXX,2
MCGEE,2
MEEKO,2
MELISSA,2
MELODY,2
MERCEDES,2
MERCY,2
MERLE,2
MIKA,2
MINER,2
MINI COOPER,2
MINKA,2
MIRA,2
MOBY,2
MONGO,2
MONTE,2
MONTY,2
MOO,2
MURPH,2
MUSHU,2
NAPOLEON,2
NEKO,2
NELLY,2
NICO,2
NIKA,2
NIKISKI,2
NIKITA,2
NIKKO,2
NIKOLAI,2
NILES,2
NOAH,2
NOODLES,2
NORA,2
NORM,2
NORTH,2
NYLA,2
OBIWAN,2
OMAR,2
ORCA,2
ORVIS,2
OSA,2
OSO,2
OSWIN,2
OTTER,2
PALIN,2
PALMER,2
PAPA,2
PATIENCE,2
PATSY,2
PAX,2
PAYTON,2
PEGGY,2
PENNY LANE,2
PEPITO,2
PERRY,2
PETRA,2
PIE,2
PIKA,2
PIKACHU,2
PIPPEN,2
PIPPI,2
PIPPY,2
PITA,2
POCKET,2
POLARIS,2
POOH BEAR,2
POOKIE,2
POTTER,2
PRISCILLA,2
PRUDHOE,2
PUDDIN,2
RALEIGH,2
RALPH,2
RAMONA,2
RAMSEY,2
RED DOG,2
REKA,2
REMMY,2
RHEA,2
RICHTER,2
RIVERS,2
ROBBIE,2
ROBBY,2
ROCKEY,2
ROHN,2
ROLLY,2
ROMA,2
ROME,2
ROSEMARY,2
ROSY,2
ROVER,2
ROXANNE,2
RYKER,2
SAKARI,2
SALCHA,2
SALTY,2
SAMI,2
SAMMI,2
SAVANNAH,2
SCAMP,2
SCARLET,2
SCHOONER,2
SEDONA,2
SEQUOIA,2
SHAGGY,2
SHAKESPEARE,2
SHASTA,2
SHAYLA,2
SHEA,2
SHEEBA,2
SHEENA,2
SHERLOCK,2
SHORTY,2
SHREDDER,2
SID,2
SIPSEY,2
SIRI,2
SISCO,2
SITA,2
SKEETER,2
SLATER,2
SMEAGLE,2
SNOOP,2
SNOWY,2
SOLDIER,2
SOLSTICE,2
SPANKY,2
SPEC,2
SPEEDY,2
SPIRIT,2
SPOOK,2
SPRING,2
SPRINKLES,2
SPUR,2
SQUIRREL,2
STARSKY,2
STUBBY,2
SUSITNA,2
SUZIE,2
SWEETIE,2
TACO,2
TALI,2
TANGO,2
TANNER,2
TATER,2
TATER TOT,2
TAZER,2
TED,2
TEX,2
THEODORE,2
THUMPER,2
THUNDER,2
TIKI,2
TIKKA,2
TILLIE,2
TITO,2
TIVA,2
TOBEY,2
TOBI,2
TOBIAS,2
TOBIE,2
TOBLERONE,2
TOGO,2
TOMMY,2
TONTO,2
TOSCA,2
TREY,2
TRITON,2
TRON,2
TROUT,2
TSUNAMI,2
TT,2
TUG,2
TULA,2
TUT,2
TWIGGY,2
TWINKIE,2
TYRONE,2
VADER,2
VINNIE,2
WALTER,2
WESLEY,2
WHISKEY,2
WHISPER,2
WICKET,2
WIGGLES,2
WILLIS,2
WILMA,2
WIZARD,2
XANDER,2
YAGER,2
YOGI,2
YONA,2
ZACK,2
ZANDER,2
ZEVA,2
ZIPPO,2
ZOOM,2
ZORA,2
ZORO,2
JULY,1
AUGUST,1
FRIDAY,1
3 OF HEARTS,1
68 WHISKEY,1
AASA,1
ABBI,1
ABEL,1
ABERLOUR,1
ABI,1
ABIGALE,1
ABLE,1
ABNER,1
ACER,1
ACHILLES,1
ADA,1
ADAM,1
ADDIE MAE,1
ADDY,1
ADELAIDE,1
ADELE,1
ADELYN,1
ADOBE,1
ADRIAN,1
AEON,1
AGLU,1
AHSOKA,1
AIKO,1
AIMIE,1
AIOFA,1
AIYANA,1
AJAXX,1
AK,1
AKASHA,1
AKEELA,1
AKI,1
AKILA,1
AKITO,1
AKUTAN,1
AL CAPONE,1
ALAKANUK,1
ALARIC,1
ALASKA,1
ALBUS,1
ALEUTIA,1
ALEX BARRY,1
ALEXXEE,1
ALEYESKA,1
ALF,1
ALFIE,1
ALI BABA,1
ALIANA,1
ALICA,1
A-LIEN,1
ALIY,1
ALLEY,1
ALLI,1
ALLY,1
ALLY MAY,1
ALMOND ROCA,1
ALPHA,1
ALPINE,1
ALTA,1
ALY,1
AMADEUS,1
AMAK,1
AMBERLYN,1
AMBUSH,1
AMEER,1
AMELIA,1
AMELIA GREEN,1
AMICO,1
AMIR,1
AMIRA,1
AMOS,1
ANCHOR,1
ANDRE,1
ANGEL LOLA,1
ANGELINA,1
ANIA,1
ANIOT,1
ANNABELL,1
ANNABELLA,1
ANNABELLA  E,1
ANNABELLE,1
ANNAPURNA,1
ANNIE BELLE,1
ANOWIK,1
ANTHONY CRIT,1
ANUBIS,1
ANYA,1
APHRODITE,1
APPA,1
APPLE,1
ARBELL,1
ARCHER,1
ARCHIE E.,1
ARCTIC,1
AREC,1
ARETE,1
AREZ,1
ARGOS,1
ARGUS,1
ARHI,1
ARI,1
ARIE,1
ARISTOTLE,1
ARIYANA,1
ARLIE,1
ARLOE,1
ARNIE,1
ARNOLD,1
ARORA,1
ARTEMIS,1
ARTY,1
ARWEN,1
ARWYN,1
ARY,1
ASHE,1
ASHLEIGH,1
ASOKA,1
ASTA,1
ASTRID,1
ATL,1
ATLANTA,1
ATOS,1
ATTIE,1
ATTLA,1
AUDI MURPHEY,1
AUGUSTUS,1
AURELIA,1
AURI,1
AUSSIE,1
AUSTRINGER,1
AUXEN,1
AVALANCHE,1
AXTON,1
AY JAY,1
AYA,1
AZULZ,1
BAAN,1
BABY BOY,1
BABY BYE BYE,1
BABY DOG,1
BABYGIRL,1
BACCARDI,1
BACCHUS,1
BAE,1
BAGGER,1
BAGHEERA,1
BAILEY BEAR,1
BAILEY BOB,1
BAILEYS,1
BAILY,1
BAIYA,1
BALI,1
BALOU,1
BAMBOO,1
BANDIDO,1
BANDO,1
BANE,1
BANKS,1
BANNER,1
BANSHEE,1
BARA,1
BARBOS,1
BARCLAY,1
BARDOT,1
BARLOW,1
BARNABAS,1
BARONESS,1
BARRACUDA,1
BARRETT,1
BARRY 2,1
BARTHOLOMEW,1
BARTLETT,1
BAS,1
BASIL,1
BAUBINO,1
BAYA,1
BAYLA,1
BAYWOLF,1
BEANSIDHE,1
BEAR BAIT,1
BEARCOOT,1
BEASLEY,1
BEASTIE,1
BEAUTI,1
BEBA,1
BECKER,1
BECKHAM,1
BEE,1
BEEF,1
BEETHOVEN,1
BEEVIE,1
BEHR,1
BELIEVER,1
BELLA (RUBY),1
BELLA STAR,1
BELLATRIX,1
BELLE VOM CI,1
BELUGA,1
BELVEDERE,1
BENAIR,1
BENDER,1
BENITO,1
BENTLY,1
BEOWULF,1
BERAND,1
BERNOULLI,1
BERTIE,1
BERTUZZI,1
BESS,1
BESSIE,1
BESTE,1
BETA,1
BETTLES,1
BEYLA,1
B'GOSH,1
BHELIN,1
BIBI,1
BIESEN,1
BIG BABY,1
BIG BEN,1
BIG BOI,1
BIGGIE SMALL,1
BILL,1
BILLIE GOAT,1
BILLIETHEKID,1
BINDI,1
BINGLEY,1
BINO,1
BINX,1
BIRCH,1
BIRDIE BOO,1
BIRDY,1
BISCOTTI,1
BISHOP,1
BISKET,1
BITSY,1
BITTY,1
BITZER,1
BITZY,1
BIXBY,1
BLACKJACK,1
BLAKE,1
BLEU,1
BLING,1
BLISS,1
BLONDIE,1
BLOUIS,1
BLUE BELL,1
BLUEBERRY,1
BOAZ,1
BOBA,1
BOBOI,1
BOCEPHUS,1
BODACIOUS,1
BODEE,1
BODI,1
BOGZ,1
BOLO,1
BOND,1
BONDI,1
BONNIE BLUE,1
BONNIE JADE,1
BONNY,1
BOO BEAR,1
BOO BOO,1
BOO ENZO,1
BOOBOO,1
BOODLES,1
BOOMBOOM,1
BOOSIE,1
BOOTSIE,1
BORA,1
BORIA,1
BOSSK,1
BOUNCE,1
BOW,1
BOW WOW,1
BOWEE,1
BOWEN,1
BOWMORE,1
BOY,1
BOYD,1
BRADDAH,1
BRADDOCK,1
BRADLEY,1
BRAM,1
BRAMI,1
BRANDILYNN,1
BRANDO,1
BRANDY 2,1
BRASH,1
BREAUX,1
BRECK,1
BREEZI,1
BRENDELIS,1
BRENIN,1
BRENNA,1
BRENNER,1
BREW,1
BREWTUS,1
BRIA,1
BRIANA,1
BRIDGER,1
BRIDGET,1
BRIDGETTE,1
BRIGGS,1
BRIIZY,1
BRIN,1
BRISA,1
BRODDI,1
CACHE,1
BRODY DUNCAN,1
BROGAN,1
BROM,1
BRONIUS,1
BRONX,1
BROOKE,1
BROOKLYN,1
BROOSTER,1
BROSEPH,1
BROWN DAWG,1
BROXY,1
BRUCE LEE,1
BRUCE WAYNE,1
BRUIN,1
BRUISER,1
BRUNDI,1
BRUNOSTEN,1
BRUSCHI,1
BRUSH,1
BRUZER,1
BRYCE,1
BRYN,1
BUBA,1
BUBBAS,1
BUBBLEGUM,1
BUBBLES,1
BUBBLEZ,1
BUBU,1
BUCKET,1
BUCKLEY,1
BUCKSHOT,1
BUDA,1
BUDDHA,1
BUDDI,1
BUDDY HOLLY,1
BUDSY,1
BUGATAMUS,1
BUGATTI,1
BUGS,1
BUGSY,1
BUKUM,1
BULLITT,1
BULLSEYE,1
BUNKIE,1
BUNTA,1
BURKE,1
BURLY,1
BURNER,1
BUSHWA,1
BUSTER BROWN,1
BUSTER SHARP,1
BUTKUS,1
BUTLER,1
BUTTERSCOTCH,1
BUTTON,1
BUXTON,1
BYRON,1
C STREET,1
C.B.,1
C.C.,1
CABA,1
CADEN,1
CAESER,1
CAICOS,1
CAIN,1
CAITE BEL,1
CALAMITY,1
CALEB,1
CALI ANNE,1
CALIPER,1
CALLAHAN,1
CALLAWAY,1
CALLI,1
CALLIE MAE,1
CALLIE ROSE,1
CALLY,1
CALYPSO,1
C'AMAI,1
CAMBERLYNN,1
CAMDEN,1
CAMERON,1
CAMILLE,1
CANISA,1
CAPOTE,1
CAPPIE,1
CAPPY,1
CAPTAIN REX,1
CARA,1
CARAH,1
CARDI,1
CARL,1
CARLIE,1
CARLY,1
CARM,1
CAROL ANN,1
CARSON,1
CASCADE,1
CASIE,1
CASSIE JO,1
CASSIE SUE,1
CASSINI,1
CAT,1
CATCHER,1
CAYMAN,1
CEASER,1
CECI,1
CECILIA,1
CEECEE,1
CELE,1
CELIA CRUZ,1
CELIE,1
CELLI,1
CELLO,1
CENA,1
CET,1
CEZAR,1
CHACHA,1
CHACHII,1
CHAHTA,1
CHAKA,1
CHAKO,1
CHAMOIS,1
CHAMPAGNE,1
CHANCEY,1
CHARGER,1
CHARLAMAGNE,1
CHARLEE,1
CHARLI BEA,1
CHARLIE GIRL,1
CHARLY,1
CHARMIN,1
CHAUNCEY,1
CHAY,1
CHAZ,1
CHAZZ,1
CHEEBA,1
CHEECHAKO,1
CHEEKY,1
CHEENA,1
CHEIF,1
CHELIOS,1
CHELSEA,1
CHENA ROSE,1
CHESSIE,1
CHEWAWA,1
CHEWEE,1
CHEWIE BEE,1
CHIANA,1
CHICHI,1
CHICKADEE,1
CHICORY,1
CHIKA,1
CHILE,1
CHILIE,1
CHINA,1
CHING CHING,1
CHINOBI,1
CHIO,1
CHIPS,1
CHIQUITO,1
CHITU,1
CHIYO,1
CHOCCO,1
CHOCOLATE,1
CHOLLA,1
CHOLO,1
CHOMP JR,1
CHOMPSKY,1
CHOO,1
CHRISSY,1
CHUB,1
CHUBBERS,1
CHUCK NORRIS,1
CHUCKIE,1
CHUE,1
CHULA BELL,1
CHUM,1
CHUMS,1
CHUNK,1
CHUY,1
CIARA,1
CICERO,1
CIDER,1
CIDLEE,1
CIDLEY,1
CILLY,1
CINCH,1
CINDERS,1
CINDY LOU,1
CIRCE,1
CIRI,1
CISCO KID,1
CLAIREE,1
CLARICE,1
CLARK,1
CLEASTWOOD,1
CLECO,1
CLEO2,1
CLETUS,1
CLIDE,1
CLOONEY,1
CLOUD,1
CLUTCH,1
CLYDE BARROW,1
COACH,1
COACOA,1
COALBY,1
COALIE,1
COAST,1
COATY,1
COBALT,1
COBH,1
CODA,1
CODEE,1
CODY BEAR,1
CODY SANCHEZ,1
COKO,1
COLBY LYNNE,1
COLEY BEAR,1
COLIN,1
CONNER,1
CONRAD,1
CONRI,1
COOKI,1
COOKIE BOY,1
COOPER 2,1
COOTA,1
COOTER,1
COPA,1
COQUI,1
CORAL BLUE,1
CORBIE,1
CORBY,1
CORDUROY,1
COREY,1
CORKY,1
CORONA,1
COSA,1
COSTA,1
COUGAR,1
COURAGE,1
COUSTEAU,1
COUVERDEN,1
COVEY,1
CRACKERS,1
CRASH,1
CREASY BEAR,1
CRISSY,1
CROMBIE,1
CROUTON,1
CROWLEY,1
CRUSH,1
CRUSO,1
CRUZE,1
CRUZIER,1
CRYSTAL,1
CUB,1
CUBBY,1
CUBBY 2,1
CUBBY BEAR,1
CUCOY,1
CUERVO,1
CURLY,1
CURLY-GIRL,1
CURRIE,1
CURTIS,1
CUTTER,1
CUVAR,1
CYNDER,1
CYRUS,1
D2,1
DAFFY,1
DAGNY,1
DAHNDI,1
DAISEY MAE,1
DAISIE,1
DAISY BEAN,1
DAISY DEETER,1
DAISY DOO,1
DAISY-BELLE,1
DAJAK,1
DAK,1
DALTON,1
DANCER,1
DANDELION,1
DANDY,1
DANDY MCRUFF,1
DANGEL,1
DANI,1
DANIELLE,1
DANIKIS,1
DARCIE,1
DARCY,1
DARIA,1
DARIUS,1
DARLENE,1
DARMANI,1
D'ARTAGNON,1
DARTANION,1
DARWIN,1
DASHER,1
DASIA,1
DAUBI,1
DAVE,1
DAVINCHY,1
DAVINCI,1
DAVOS,1
DAVY JONES,1
DAYNA,1
DAYTON,1
DAZ,1
DAZZLE,1
D'BO,1
DD,1
DECKER,1
DEE DEE,1
DEEVA,1
DEEZLE,1
DEGA,1
DEGORY,1
DEION,1
DEJA VU,1
DEKUX,1
DELILIAH,1
DELKO,1
DELLA,1
DELYA,1
DEMI,1
DEMON,1
DENAHI,1
DENEKI 4,1
DENIM,1
DENVER,1
DENZEL,1
DEOGE,1
DEOGI,1
DERAIL,1
DERBY,1
DESDEMONA,1
DESHSKA,1
DESILU,1
DESIRAE,1
DESSA,1
DEVON,1
DEWBEE,1
DEWIE,1
DEWY,1
DEX,1
DEXY,1
DG,1
DIACO,1
DIANA,1
DIBS,1
DICE,1
DIDDLEY,1
DIEAGO,1
DIEZ,1
DIGBY,1
DILLNGER,1
DILLON,1
DIME BAG,1
DIMSUM,1
DING,1
DINO,1
DINOH,1
DIONES,1
DIPPER,1
DIRTIE,1
DISCO,1
DISNEY,1
DITTO,1
DIXON,1
DOGGIE,1
DOGMEAT,1
DOKY,1
DOLLA,1
DOMINUS,1
DOOBIE,1
DOOGAN,1
DOOK,1
DOOMSDAY,1
DOOZER,1
DOOZEY,1
DOSIA,1
DOTTIE,1
DOUG,1
DOUGAL,1
DOVAHKIIN,1
DR DOG,1
DRACO,1
DRANZER,1
DRAVF,1
DREAM,1
DROOPY,1
DUCK DUCK,1
DUCT TAPE,1
DUG,1
DUGAN MCGRAW,1
DUGAS,1
DULCE,1
DUNCAN JR,1
DUTCH VIRDEN,1
DUTCHES,1
DYGGUR,1
DYLLON,1
DYSON,1
E.Z. RYDER,1
EAGLE,1
EARNIE,1
EBERT,1
ECHO 2,1
EDNA,1
EERO,1
EETSA,1
EEVEE,1
EFFIE,1
EHU,1
EIFFEL,1
EIN,1
EISA,1
EKLUTNA,1
EL NINO,1
ELBE,1
ELEANOR,1
ELEANORDIGBY,1
ELFMAN,1
ELGIN,1
ELIZABETH,1
ELKE,1
ELLA BELLA,1
ELLAH,1
ELLE,1
ELLERA,1
ELLI,1
ELLI MAE,1
ELLIE BEAN,1
ELLIE MAE,1
ELLIE MAY,1
ELLY,1
ELMO,1
ELO,1
ELPHIE,1
ELSIE,1
ELSU,1
ELVIN,1
ELVIRA,1
ELWAY,1
EMMA JUNE,1
EMMA RUE,1
EMMA-LEE,1
EMMET,1
EMMIT,1
EMMITT,1
ENEW,1
EOWYN,1
EQUINOX,1
ERNEST,1
ESMA,1
ESME,1
ESPICKY,1
ESPIN,1
ESTES,1
ESTREA,1
ESTRELLA,1
ETTA,1
EUREKA!,1
EURO,1
EVIE MAY,1
EVVIE,1
EYVERRAEF,1
EZEKIEL,1
EZIO,1
FAIRBANKS,1
FAITH,1
FAITH ROSE,1
FALCOR,1
FANCI,1
FANG,1
FARADY,1
FARRAH,1
FAUST,1
FAUSTINO,1
FEENA,1
FENDER,1
FENRIR,1
FERDINAND,1
FERGUSON,1
FERRET,1
FEZZIK,1
FIEKA,1
FIEVEL,1
FIN,1
FINCH,1
FINNIGAN,1
FISCHER,1
FISH ON,1
FITZ,1
FITZGERALD,1
FIZZ,1
FIZZIGIG,1
FLAPJACK,1
FLEETWOOD,1
FLEX,1
FLICKA,1
FLINT,1
FLINTSTONE,1
FLOPPER,1
FLOSSIE,1
FLUFFY BLAZE,1
FLUFFY PANTS,1
FLY,1
FORCIA,1
FORD,1
FORTE,1
FOSBURY,1
FOSTER,1
FOX,1
FOXY BROWN,1
FOZZIE,1
FRANCESCA,1
FRANCOIS,1
FRANKENSTEIN,1
FRANKY,1
FRANZ,1
FRASIER,1
FRAYA,1
FREDDY,1
FREEWAY,1
FREIDA,1
FREIJA,1
FREYAH,1
FROSTY,1
FRY,1
FUD,1
FUJITA,1
FULTON,1
FURBEE,1
FURY,1
FUZZY,1
FYRNE,1
G MAN,1
GABBANNA,1
GABE,1
GABRIELLA,1
GADGET,1
GALAXY,1
GANDA,1
GANDALF,1
GARFIELD,1
GARY,1
GATEWAY,1
GATOR,1
GATSBY,1
GAUGE,1
GAZ,1
GEDDY,1
GELIEBTE,1
GENESIS,1
GENO,1
GEO,1
GEORGIABELLE,1
GEORGIANNA,1
GEORGIE GIRL,1
GERTY,1
GHIRIE,1
GHOST EYE,1
GIBSON,1
GIDGET ROSE,1
GIL,1
GILLIGAN,1
GILMORE,1
GIN JAY,1
GINA,1
GINGER WOOKI,1
GINGIN,1
GINZEE,1
GIOVANNI,1
GIRLIE,1
GIRLY,1
GIZ,1
GKEORGIE,1
GLACIER,1
GLACIER BLUE,1
GLADYZ,1
GLOREE,1
GNASH,1
GOBLIN,1
GODIVA,1
GOGO,1
GOHAN,1
GOMER,1
GOOBER,1
GOOGLE,1
GOON,1
GORDO,1
GORGY,1
GOUDA,1
GRACEY,1
GRACI,1
GRACIE BEAR,1
GRADY,1
GRAEME,1
GRANITE,1
GRAYSON,1
GREASE,1
GREAT GATSBY,1
GRENDEL,1
GRETA HOLLY,1
GRETA MAE,1
GRETTA,1
GREYCE,1
GREYSON,1
GRIFFEN,1
GRISSOM,1
GRIZABELLA,1
GRIZLEE,1
GRIZZLEY,1
GROMMET,1
GROVER,1
GRUMMAN,1
GUARRYS,1
GUI,1
GUINEA,1
GUINNESS,1
GULLY,1
GUMMI BEAR,1
GUNTHER,1
GURU,1
GUSSY,1
GUY,1
GWEN,1
GWENIVERE,1
GYNGER,1
GYPSY GRACE,1
HACHI,1
HADLEY,1
HAILEE,1
HALEY MARIE,1
HALLIE,1
HAMILTON,1
HAMISH,1
HAMLET,1
HAMMER,1
HAMMOND,1
HANA,1
HANNA,1
HANS,1
HANSON,1
HAPPYDAWG,1
HARBOR,1
HARKY,1
HARLEE,1
HARMONY,1
HARP,1
HARRIETT,1
HARRISON,1
HARVEE,1
HARVEY JR,1
HASHBROWN,1
HATTRICK,1
HAVA,1
HAVEN,1
HAVOC,1
HAWLEY,1
HAYDUKE,1
HAYLEE,1
HAZARD,1
HEALY,1
HEATHER,1
HEAVEN,1
HEBE,1
HEDGE,1
HELENA,1
HELIOS,1
HEMI,1
HEMISHMCDUFF,1
HENDO,1
HENK,1
HENNA,1
HENNESSY,1
HENNY,1
HENREY,1
HEREFORD,1
HILDY,1
HIRO,1
HITCH,1
HITO,1
HOAGEY,1
HOBBES,1
HOBO,1
HODIE,1
HOGIE,1
HOLLYWOOD,1
HOLMES,1
HOMESLICE,1
HONEY BUNS,1
HONEYBEAR,1
HOOTCH,1
HOPPER,1
HOPPS,1
HOPS,1
HORNSBY,1
HORST,1
HOWDY,1
HUBBLE,1
HUBERT,1
HUCKLE,1
HUDY,1
HUEY,1
HULA HOOP,1
HUNDLEY,1
HUNEE,1
HURLEY,1
HURLEY RAE,1
HUSKER,1
HUSKY,1
HUTCH,1
HUXLEY,1
HYATT,1
HYDEE,1
HYORI,1
ICARUS,1
ICON,1
ICY,1
IDA,1
IGNEUS,1
IGOR,1
IIKE,1
IKAIKA,1
IKO,1
ILA,1
ILLA,1
INDIA,1
INDIAN,1
INGRID,1
INUA,1
IOREK,1
IREESE,1
IRISH,1
ISAAC,1
ISHTA,1
ISKUT,1
ITCHY BROTHE,1
ITSY,1
IVY LULU,1
IVY ROSE,1
IZEE,1
IZZI,1
J.R.,1
J.T.,1
JABBER,1
JAC,1
JACK DANIELS,1
JACK FROST,1
JACK WOOFER,1
JACKSON JR,1
JACOB,1
JACOPO,1
JADA,1
JAE JAE,1
JAG,1
JAGIYA,1
JAGO,1
JAILING,1
JAINA,1
JAJA,1
JAK,1
JAKIE,1
JALAPENO,1
JALCE,1
JALIS,1
JAMES,1
JAMESBOND,1
JAMESON,1
JAMISON,1
JANEK,1
JANIE,1
JARI,1
JARVIS,1
JASLYNN,1
JAVA,1
JAWS,1
JAXSON,1
JAYDA,1
JAYDEN,1
JAYTEE,1
JAZZIE,1
JEAGER,1
JEAREK,1
JEBEDIAH,1
JEFFREY,1
JELLY,1
JEMMA,1
JENI,1
JENNI,1
JERICHO,1
JERSEY,1
JESS,1
JESSE LEE,1
JESSI,1
JESSICA,1
JESSIE JAMES,1
JESSIE MAE,1
JETER,1
JEWEL,1
JEZEBELLE,1
JEZZY,1
JIFFY,1
JILLY,1
JIMMY BUCKET,1
JINX,1
JIPUTA,1
JIROU,1
JJIN,1
J-LO,1
JO JO,1
JOBIN,1
JOE JOE,1
JOHN,1
JOHN RODGERS,1
JOHNA,1
JOLI,1
JON CARLO,1
JON STEWART,1
JONATHAN,1
JONES,1
JONI,1
JONNI,1
JOPLIN,1
JORDY,1
JORGE,1
JOZIE,1
JP,1
JUAN,1
JUANITA,1
JUBIL,1
JUDE,1
JUDY,1
JUELZ,1
JUICE,1
JUJU,1
JULEE(HONEY),1
JULIET GRAY,1
JULIUS,1
JUNEBUG,1
JUNI,1
JUNIE,1
JUNIPER BERR,1
JUNO REGINA,1
JUSTINE,1
JUSTY,1
K.C.,1
K.D.,1
K.O.,1
KACEE,1
KACI-JADE,1
KADEE,1
KAEDO,1
KAFKA,1
KAHALISI,1
KAHLESSI,1
KAHLYA,1
KAIA,1
KAIKEA,1
KAILE'A,1
KAILUA,1
KAINANI,1
KAINO,1
KAIPO,1
KAISIE,1
KAIYA,1
KAKSI,1
KALA,1
KA-LAWZZZ,1
KALEY,1
KALIAH,1
KALILA,1
KALINA,1
KALISTA,1
KALLI,1
KALUULA,1
KAMANI,1
KAMEA,1
KAMIE,1
KANGAROO,1
KANU,1
KAOS,1
KAPPA,1
KAPPY,1
KASCH,1
KASI-LOF,1
KASKEA,1
KASON,1
KASPER,1
KASSEL,1
KASSIDY,1
KATALLA,1
KATANA,1
KATIANNA,1
KATIE ROSE,1
KATNISS,1
KATO,1
KAVA,1
KAVACAMELLIA,1
KAYA MOOMOO,1
KAYDEE,1
KAYMA,1
KAY'NA,1
KAZAK,1
KAZZIE,1
KC,1
KD,1
KEAKE,1
KEELAH,1
KEELONI,1
KEELUT,1
KEEPER,1
KEESHA,1
KEETNA,1
KEIKO,1
KEIRNA,1
KEITA,1
KEKOA,1
KELLER,1
KELSO,1
KELTY,1
KEN,1
KENDALL,1
KENIA,1
KENJI,1
KENLEY,1
KENNA,1
KENO,1
KEPLER,1
KERMIT,1
KERRY,1
KERSHAW,1
KESS,1
KETEL,1
KETO,1
KEYARA,1
KEYBO,1
KEYONA,1
KEYSTONE,1
KEYWII,1
KHABEE,1
KHALEESI,1
KHALESSI,1
KHALUA,1
KHAN,1
KHAN KHO,1
KHAUZI-MOTTO,1
KHODA,1
KHOLE,1
KIAH,1
KIANA,1
KIAORA,1
KIAYA,1
KIEBLER,1
KIERA REY,1
KIERIE,1
KIESHA,1
KIKO,1
KILA,1
KILEY,1
KILLEY,1
KIMA,1
KIMBER RENAE,1
KIMCHI,1
KIMIKO,1
KIMO,1
KINDLE,1
KINEO,1
KINGA,1
KINGSLEY,1
KINLEY LOVE,1
KINSEY,1
KIRIN,1
KISHA,1
KISKI,1
KISMET,1
KITANNA,1
KITSU,1
KIYA,1
KIZZIE,1
KK,1
KLAUS,1
KLEIO,1
KLINK,1
KLOEE,1
KNEESA,1
KNIGHT,1
KNIKI,1
KNOTTY,1
KO,1
KOBY,1
KODOS,1
KODUH,1
KOHALA,1
KOHL,1
KOI,1
KOJI,1
KOKOMO,1
KOKONUT,1
KOKORO,1
KOLSCH,1
KON SHURA,1
KONA MAE,1
KONDOR,1
KOOKIE,1
KOOPER,1
KORA,1
KOSMA,1
KOTCHA,1
KOTORI,1
KOVEN,1
KOYUK,1
KRAZEE,1
KRAZY,1
KRISHNA,1
KRONUR,1
KRUZER T.,1
KUBEL,1
KUKU,1
KULIK,1
KUNA,1
KUNUK,1
KUPAA,1
KURO,1
KURO KNIGHT,1
KUSKA,1
KUSKO,1
KUUIPO,1
KUZCO,1
KYLA,1
KYLIE,1
KYMBER,1
KYMI,1
KYNA,1
KYOKO,1
L. B.,1
L.D.,1
LADY BELLA,1
LADY HOPE,1
LADY MARIE,1
LADY PIPER,1
LADYISABELLA,1
LAGERTHA,1
LAIKA,1
LAILA,1
LAKER,1
LAKOTA,1
LANCE,1
LANCER,1
LANDO,1
LANDON,1
LANEY,1
LAONA,1
LAOTSU,1
LAPKA,1
LARS,1
LARSEN,1
LASKA,1
LASSIE,1
LAVERNE,1
LAXUS,1
LAYA,1
LAYCEE,1
LAYLO,1
LAZARUS,1
LD GUINEVERE,1
LEE HONG,1
LEELA,1
LEELOO,1
LEFFE,1
LEFTY,1
LEGO,1
LEISEL,1
LEITO,1
LEMIEUX,1
LEMON,1
LEONA,1
LEONA MARIE,1
LEONARDO,1
LEONIDIS,1
LEROY BROWN,1
LEROY BUSTER,1
LETO,1
LEVON,1
LEWEY,1
LEWWI,1
LEXI LAREE,1
LEXY,1
LIBBY-LU,1
LICHEN,1
LIEBE,1
LIEUTENANT,1
LIFE,1
LIGHTENING,1
L'IKA,1
LIKO,1
LIL BIT,1
LIL MAMA,1
LILA BLUEBEL,1
LILAH,1
LILITH,1
LILLIANA,1
LILLIANNA,1
LILLIE,1
LILLY BELL,1
LILLY LOU,1
LILY MAE,1
LILY SUE,1
LINKA,1
LINQ,1
LIONEL,1
LISA,1
LITA,1
LITTLE BEAR,1
LITTLE BUDDY,1
LITTLE BUG,1
LITTLE D,1
LITTLE MAN,1
LIVER,1
LOAF,1
LOHKI,1
LOKELANI,1
LOKIE,1
LOLA MANO,1
LOLITA,1
LOLLI,1
LOLO,1
LOMA,1
LOMAX,1
LONDON,1
LORENZO,1
LOU,1
LOUIS VUITTO,1
LOUISE,1
LOVEE,1
LOVEY,1
LOVO,1
LOYD,1
LUBY,1
LUCCA,1
LUCE,1
LUCI,1
LUCILLE,1
LUCIOUS,1
LUCUS,1
LUCY #2,1
LUCY BROWN,1
LUEY,1
LUIGI,1
LUKI,1
LUKKA,1
LULA,1
LULU BELLE,1
LULU PEACHES,1
LUNA BEAN,1
LUNA BLUE,1
LUNAR,1
LUPINE,1
LUTHER,1
LUX,1
LYCOS,1
LYKO,1
LYNX,1
LYRA,1
LYRIC,1
M&M,1
MAC TAVISH,1
MACEY,1
MACGUIVER,1
MACGYVER,1
MACHO,1
MACI,1
MACIE,1
MACINTYRE,1
MACK DIESEL,1
MACKLIN,1
MACLAREN,1
MADALYNN,1
MADDI,1
MADDISON,1
MADDY MOOSE,1
MADELINE,1
MADGE,1
MADRA RUA,1
MAE BELL,1
MAELEE,1
MAEVE,1
MAGGIE MOON,1
MAGIC,1
MAGIK CHARM,1
MAGNUM,1
MAGNUM MOSES,1
MAGS,1
MAHLI,1
MAILE,1
MAI'LOH,1
MAIZE,1
MAJOR SARGE,1
MAKARORA,1
MAKENA,1
MAKENNA,1
MAKSIM,1
MAL,1
MALENKO,1
MALFOY,1
MALI SUMMER,1
MALLA,1
MALLEY,1
MALO,1
MALP WINDY,1
MANDI,1
MANI,1
MANNIX,1
MAPRAW,1
MARCELINE,1
MARCELL,1
MARGO,1
MARI,1
MARILYN,1
MARISKA,1
MARLENA NOVA,1
MARLI,1
MARLY,1
MARMALADE,1
MARRY,1
MARS,1
MARSHMELLO,1
MARTI,1
MARTIN,1
MARTINI,1
MARVIN,1
MARX,1
MARY ANN,1
MARYJANE,1
MAT,1
MATEO,1
MATIGAN,1
MATISSE,1
MAVIS JEAN,1
MAXIE,1
MAXIMILIAN,1
MAXIMILLIAN,1
MAXIMILLION,1
MAYHEM,1
MAYNARD,1
MAZEL,1
MAZIE,1
MAZZOLINI,1
MAZZY,1
MCCOY,1
MCGYVER,1
MCKINZEE,1
MEADOW,1
MEATBALL,1
MEATY,1
MECCA,1
MECHO 2,1
MEE MEE,1
MEEKA,1
MEENA,1
MEESHKA,1
MEG,1
MEGARA,1
MEGG,1
MEHO,1
MEIKA,1
MEKI,1
MEL,1
MELLA,1
MELLY,1
MELO,1
MEMPHIS,1
MERCI,1
MERIBEL,1
MERICA,1
MERIDA,1
MERIWEATHER,1
MERRY,1
MERRY XMAS,1
MESHACH,1
METALLICA,1
METEA,1
MIA (DULCI),1
MIA BELLA,1
MIAMI,1
MICAH,1
MICKINLEY,1
MIDORI,1
MIEMIE,1
MIGGS,1
MIKAH,1
MIKI,1
MIKKI,1
MIKO,1
MILENA,1
MILKA,1
MILLA,1
MIMOSA,1
MINA,1
MINDY,1
MING MING,1
MINGIN,1
MINI,1
MINI PEARL,1
MINNIE BLOOD,1
MINNIE MAE,1
MINNOW,1
MINX,1
MISA,1
MISHCA,1
MISS DAISY,1
MISS ELLIE,1
MISS LADY,1
MISS MOLLIE,1
MISSER,1
MISSEY,1
MISSY DAWN,1
MISTY ROSE,1
MITTIE,1
MITZI,1
MITZY,1
MIYA,1
MIYAH,1
MIZ SCARLETT,1
MIZU,1
MIZUKI,1
MJOLHIR,1
MKAYLA,1
MOAB,1
MOCA,1
MOCCO,1
MOCHI,1
MOJITO,1
MOKEE,1
MOLLEE,1
MOLLI,1
MOLLY MAE,1
MOLNI,1
MON AMI,1
MONACO,1
MONEY,1
MONKEY,1
MONROE,1
MONSTER,1
MONTANA,1
MONTE CRISTO,1
MONTGOMERY,1
MOO MOO,1
MOOGAN,1
MOOGIE,1
MOOJI,1
MOOKIE,1
MOON,1
MOONEY,1
MOONPIE,1
MOONSHINE,1
MOOS,1
MOOSHA,1
MOOSHKA,1
MOOSIE,1
MORDAWG,1
MOREMI,1
MORRIE,1
MOSES,1
MOSHI,1
MOSI,1
MOSS,1
MOSSY,1
MOTCHO,1
MOTEK,1
MOTLEY,1
MOWGLI,1
MOWGLY,1
MOXI,1
MR BEAR,1
MR BOJANGLES,1
MR DEEDS,1
MR. BB,1
MR. BELL,1
MR. BLUE,1
MR. BUGS,1
MR. DARCEY,1
MR. TUBBS,1
MS LILIE,1
MU XU,1
MUDGE,1
MUESLI,1
MUGS,1
MULDER,1
MULUMULU,1
MUNSTRO,1
MURDOCH,1
MURPHY ROSE,1
MUSKA,1
MUSTI,1
MUTTLEY,1
MY LADY,1
MYA DAVILA,1
MYAH,1
MYLES,1
MYRA,1
MYRNA,1
MYSTERY,1
MYSTIQUE,1
NAAZ,1
NABI,1
NACHO BACON,1
NAGO,1
NAHKOHE,1
NAIA,1
NAILS TOO,1
NAK,1
NAKI,1
NAKITA,1
NAKOMA,1
NALDO,1
NALI,1
NALO,1
NAMASTE,1
NAMINE,1
NANCY,1
NANOOK (JOY),1
NANTAHALA,1
NAPO,1
NAPU,1
NASH,1
NATALYA,1
NATASHA,1
NATCHIQ,1
NATHLIE,1
NAVERA,1
NAYLA,1
NAZ,1
NECA,1
NEEKO,1
NEESA,1
NEESHA,1
NELSON,1
NENA,1
NERO,1
NESTLE,1
NETTI,1
NEVE,1
NEVILLE,1
NEWBIE,1
NEWTOK,1
NEWTON,1
NIBBLES,1
NICKY,1
NICOH,1
NICOLETTE,1
NICU,1
NIEKKO,1
NIFFLER,1
NIKA MARIE,1
NIKADEMUS,1
NIKU,1
NILCHIK,1
NILLA,1
NILLA VANILL,1
NIMH,1
NINER,1
NINJA,1
NINO,1
NISKA,1
NISMO,1
NITRO,1
NIXON,1
NOBLE,1
NOCTA,1
NOIR,1
NOLLAIG,1
NOOK,1
NOOKAH,1
NOOKIE,1
NOOSHKA,1
NOOT,1
NORI,1
NOSEGOES,1
NOVAK,1
NOVI,1
NOVO,1
NUBIS,1
NUGGETS,1
NUMBER 2,1
NUNA,1
NUNU,1
NUSHKA,1
NUTMEG,1
NYE,1
NYEA,1
NYKE,1
OAXACA JOE,1
OBERON,1
OBIE,1
OCEAN,1
ODELL,1
ODERUS,1
ODO,1
ODYSSEUS,1
OH,1
O'HENRY,1
OKAMI,1
OKSTUKOK,1
OLA,1
OLE,1
OLI,1
OLIVE OYL,1
OLLI,1
OMA,1
ONA,1
ONYA,1
ONYAH,1
OOKA,1
OOLJEE,1
OONA,1
OOSHKA,1
OPTIMUS,1
OPUS,1
ORKA,1
ORLY,1
ORPHIE,1
ORSO NERO,1
ORZO,1
OSLO,1
OSO SPUNKY,1
OTI,1
OUTLAW,1
OZARK,1
PABLO,1
PACHA,1
PADDINGTON,1
PADME,1
PAGAN,1
PAGE,1
PAIGE,1
PALOOPA,1
PANCH,1
PANCHO,1
PANDA JACK,1
PANDORA,1
PANZER,1
PAPPY,1
PASHKA,1
PATERSON,1
PATRICK,1
PATRIOT,1
PATTI,1
PAXON,1
PAZZO,1
PEAK,1
PEANUTS,1
PEARL SHEMYA,1
PEASLEY,1
PEAT,1
PEDEY,1
PEDRO,1
PEEKABOO,1
PEEPS,1
PELLY,1
PENNEY,1
PENNIE,1
PENNYWOLF,1
PEP,1
PEPE,1
PEPE LE PEAU,1
PEPPER ANN,1
PEPPER LOU,1
PEPPERMINT,1
PEPSI K-OZ,1
PEQUENO,1
PER,1
PERCEUS,1
PESO,1
PESTO,1
PETIE,1
PEYTON,1
PHANTOM,1
PHARAOH,1
PHARO,1
PHEDRA,1
PHEOBE,1
PHEONIX,1
PHIL,1
PHILLY,1
PHIN,1
PHINEAUS,1
PHINNEAS,1
PHISH,1
PHOENIX,1
PI,1
PICARD,1
PIERRE,1
PIGGY,1
PIKE,1
PINCIA,1
PINKY,1
PINT,1
PISTEN,1
PISTOL,1
PISTOL PETE,1
PIXI,1
PJAY,1
PLACER,1
PLATO,1
PLAYA,1
PLAYER,1
PLINY,1
PLUM,1
PLUTO,1
PNUT,1
POCA,1
POCA LUNA,1
POCHI,1
POCO,1
PODGE,1
POE,1
POET,1
POKER,1
POKEY,1
POKITZ,1
POKY,1
POLAR EXPRES,1
POLDI,1
POLU,1
POM POM,1
POMMY,1
PONGO,1
PONO,1
PONYO,1
POOCHIE,1
POODLE,1
POOH,1
POOKAH,1
POOPER,1
POOPY,1
POPCORN,1
POPPY JO,1
POQUITO,1
PORK CHOP,1
PORKCHOP,1
POSEY,1
POSIEDON,1
POTATO,1
POWND,1
POYKA,1
PRANCER,1
PREACHER,1
PRESLEY,1
PRETZEL,1
PRIM,1
PRIMROSE,1
PRIN. KAMIRA,1
PRINCESS PEA,1
PRINGLE,1
PRISSY,1
PRO.FINBAR,1
PRYN,1
PSYCH,1
PUAKO,1
PUDDLE,1
PUDGE,1
PUERQUITO,1
PUFFIN,1
PUGSLEY,1
PUGSY,1
PUHN-KIN,1
PUK PUY,1
PUKI,1
PUKU,1
PUMPKIN,1
PUNGO,1
PUNKY,1
PUNZI,1
PURDY,1
PURPLE RAIN,1
PUYUQ,1
PUZON,1
PUZZLES,1
PW,1
PY,1
QANTAS,1
QI,1
QIVLIQ,1
QUARTZ,1
QUE,1
QUENN,1
QUESSI,1
QUIANA,1
QUICHE,1
QUIGLEY,1
QUIN,1
QUINCY,1
QUORRA,1
QUOY,1
QUOYLE,1
R2,1
RA,1
RACHEL,1
RACHELL,1
RAEDO,1
RAGE,1
RAGS,1
RAIDEN,1
RAIMY,1
RAIN,1
RAINA,1
RAINFLY,1
RAIVO,1
RAIZO,1
RAJ,1
RALFIE,1
RALLY,1
RAMON,1
RAMPAGE,1
RAMSES,1
RANDALL,1
RANGITIKEI,1
RASHA,1
RASPUTIN,1
RASTUS,1
RAT DOG,1
RATCHET,1
RATON,1
RAVYN,1
RAWLEY,1
RAYANN,1
RAYLYN,1
RAYME,1
RAYNIE MAE,1
RAZ,1
RAZEE,1
RAZOR,1
RAZZLE,1
REAPER,1
REBA JEAN,1
RECCO,1
RECON,1
REDDY,1
REECES,1
REEFER,1
REESE,1
REGAL,1
REGAN,1
REIGN,1
REILEY,1
REILLY,1
REMMIE,1
RENA,1
RENAE,1
RENI,1
RENJI,1
RENLEY,1
RENNY,1
REPTAR,1
REUBEN,1
REVOLVER,1
REXI,1
REXIE,1
RHAEGAL,1
RHAEGER,1
RHEE,1
RHET,1
RHETT,1
RHINO,1
RHODI,1
RHUBARB,1
RIA,1
RIBBON,1
RICKI,1
RICO,1
RICOO,1
RIDLEY,1
RIFLE,1
RIGGINS,1
RIGLEY,1
RIKKU,1
RIKU,1
RILEE,1
RILEY JUNE,1
RILEY TWO,1
RINCON,1
RIPLEE,1
RIPLEY 2,1
RIPPER,1
RIPPLY,1
RIPTIDE,1
RISKY,1
RITA,1
RITZ,1
RIVET,1
RIZZLE,1
RJ,1
RJ SHILO,1
ROANOKEE,1
ROARK,1
ROBBIE JR,1
ROBIN HOOD,1
ROCK,1
ROCKI,1
ROCKSIE,1
ROCKY BLUE,1
ROCKY II,1
ROCKY MT.,1
RODDY,1
RODEO,1
ROE,1
ROGAN,1
ROKI,1
ROLAND,1
ROLLO,1
ROMAC,1
ROMEO GRAY,1
ROMMEL,1
RON,1
RONDO,1
RONDY,1
ROO!,1
ROONEY,1
ROSA MAXIE,1
ROSALINE,1
ROSCO P COLT,1
ROSEBUD,1
ROSEE,1
ROSHAIN,1
ROSIE DEE,1
ROSS,1
ROSSI,1
ROTOR,1
ROUSEY MAY,1
ROUX,1
ROWDEY,1
ROWZER,1
ROXXY,1
ROY,1
ROZSA,1
RUBEE,1
RUBEN,1
RUBERT (RUBY,1
RUBIO,1
RUBY DELICOU,1
RUBY ROSE,1
RUCA,1
RUCCA,1
RUCKEE,1
RUCKUS,1
RUDI,1
RUDOLPH,1
RUGBY,1
RUGER MATHE,1
RUGGER,1
RUKA,1
RULA,1
RUMOR,1
RUSSEL,1
RUSSO,1
RUSTLER,1
RUTGER,1
RUTH,1
RUTHIE,1
RYLEE,1
RYOGA,1
S,1
SABAKA,1
SABASTIAN,1
SABER,1
SABINE,1
SABRE,1
SABRINA,1
SACHI,1
SADIE BROWN,1
SADIE GIRL,1
SADIE MAE,1
SAEDIE,1
SAHARA,1
SAHIRA,1
SAIDAH,1
SAIGE,1
SAILER,1
SAILISH,1
SAKA,1
SAKAN,1
SAKARI ESKA,1
SAKI,1
SAKO,1
SAKPIK,1
SAKURA,1
SAL,1
SALA,1
SALEM,1
SAMARA,1
SAMBA,1
SAMBO,1
SAMII,1
SAMUEL,1
SAMURAI,1
SANCHO,1
SANDI,1
SANDIA,1
SANDIE,1
SANDY GIRL,1
SANDY PALMER,1
SANTINO,1
SAPHIRE,1
SAPPHIRE,1
SARGENT,1
SASCHA,1
SASKIA,1
SATCHMO,1
SATCHY,1
SATIVA,1
SATO,1
SAUNTEE,1
SAY-D,1
SAYDEE,1
SCAMPY,1
SCARFACE,1
SCHATZI,1
SCHATZY,1
SCHISM,1
SCHNITZEL,1
SCHROEDER,1
SCHULER,1
SCOTCH,1
SCOTTIE,1
SCOUT P.,1
SCRAMBLES,1
SCRAPS,1
SCRATCH,1
SCREAMER,1
SCRUFFERS,1
SEAMORE,1
SEBASTYN,1
SEDONA PIP,1
SEELEY,1
SEESAW,1
SEIJA,1
SEISMIC,1
SENECA,1
SENETORI,1
SERA,1
SERENA,1
SERGIO,1
SETH,1
SEVEN,1
SEVERAS,1
SEVETTA,1
SEXY,1
SHABLU,1
SHAELEIGH,1
SHAHARA,1
SHAKA,1
SHAKIE,1
SHALE,1
SHAMBA,1
SHAMROCK,1
SHANA,1
SHANNON,1
SHANOOK,1
SHAQ,1
SHASHA,1
SHAUNCEY,1
SHAWN,1
SHAWNI,1
SHEBAH BEAR,1
SHEEBAH,1
SHEEP,1
SHEILA,1
SHELDON,1
SHELL,1
SHELLY,1
SHEP,1
SHEPARD,1
SHERLOCK B,1
SHERPA,1
SHIBA,1
SHILO,1
SHIPPO,1
SHIRLEY,1
SHOCKABRA,1
SHOESHINE,1
SHOOTER,1
SHOSHANA,1
SHOTZIE,1
SHUFTI,1
SHYLA,1
SHYLO,1
SHYTIA,1
SIDNEY VIRDE,1
SIENNA,1
SIF,1
SIG,1
SIGNE,1
SIKU,1
SILAS,1
SILKIE,1
SILO,1
SILSA,1
SILVER BELLE,1
SILVIE,1
SIMOND,1
SIN TU,1
SINATRA,1
SINJIN,1
SIR,1
SIR ARTHUR,1
SIR IVAN,1
SIR JAKE,1
SIR LANCELOT,1
SIR LOIN TIP,1
SIREN,1
SIRIUS,1
SIS,1
SISTER,1
SITKA ROSE,1
SIVU,1
SJENA,1
SKADI,1
SKA-DOO,1
SKADTHI,1
SKAGIT,1
SKEEZ,1
SKEEZIX,1
SKI,1
SKIDOO,1
SKIMO,1
SKIP,1
SKIPPER LEE,1
SKITTLES,1
SKODA,1
SKOOKUM,1
SKY BLUE,1
SKYWALKER,1
SLAPPY,1
SLEEPY,1
SMASH,1
SMIKE,1
SMOKIE,1
SMOLTZ,1
S'MORES,1
SNICKERDOODL,1
SNIFFY,1
SNIPER,1
SNO,1
SNOOKIE,1
SNOOPI,1
SNORRI,1
SNORT,1
SNORTICUS,1
SNOWEE,1
SNOWFLAKE,1
SNOWFLY,1
SNOWIE,1
SNUFFLES,1
SOAP,1
SOCKS,1
SOCRATES,1
SODA,1
SOFIA,1
SOFIE,1
SOLA,1
SOLAR,1
SOLDAT,1
SOLEIL,1
SOLOMON,1
SOMBRA,1
SONJA,1
SONNE,1
SONNIE,1
SONOMA,1
SONYA,1
SOOKIE,1
SOUJI,1
SOUNDER,1
SPARKER,1
SPARKEY,1
SPARKLE,1
SPARKLES,1
SPARKPLUG,1
SPARKS,1
SPARROW,1
SPARTACUS,1
SPARTICA,1
SPAZ,1
SPECIAL,1
SPECK,1
SPINDLE,1
SPINK,1
SPINNAKKER,1
SPINNER,1
SPOOKY,1
SPORT,1
SPOTAN,1
SPREE,1
SPRINGER,1
SPRINGZ,1
SPUD,1
SPUDD,1
SPUDS,1
SPUNK,1
SPYDER,1
SQUALL,1
SQUARE,1
SQUEEK,1
SQUIRM,1
SQUIRT,1
STACEY,1
STACHE,1
STARBUCK,1
STARBURST,1
STARLA JEAN,1
STASH,1
STEIN,1
STELLA BLUE,1
STERLING,1
STEWART,1
STINSON,1
STITCH,1
STITCHES,1
STONEY,1
STORMIE,1
STORMY JACK,1
STOUT,1
STRAW,1
STRIKER,1
STRYDER,1
STUARTLITTLE,1
STUBBS,1
SUBIE,1
SUE,1
SUE-SUE,1
SUFJAN,1
SUGAR JOE,1
SUGARFOOT,1
SULLEY,1
SULLY,1
SUMITT,1
SUMMER,1
SUMMER THYME,1
SUMMITT,1
SUNDANCE,1
SUNGA,1
SUSHI MAE,1
SUSIE Q,1
SUSIE Q II,1
SUSSI,1
SUZIE Q,1
SUZY,1
SUZY Q,1
SVEN,1
SWAMPER,1
SWAN,1
SWEETIE PIE,1
SWEETNESS,1
SWEETS,1
SWIPER,1
SWIVEL,1
SWIVEL SHOT,1
SWYPER,1
SYDNEY MARIE,1
SYLVESTER,1
SYLVIE,1
SYNDEE SUE,1
SYSCO,1
T REX,1
T. C.,1
T.REXI,1
TACKLA,1
TACOMA,1
TAESHIA,1
TAFFY,1
TAITTI,1
TAJ,1
TAKA,1
TAKO,1
TAKOTNA,1
TAKU,1
TAKU DENALI,1
TALACHULITNA,1
TALLULAH,1
TALLY,1
TAMA,1
TAMAR,1
TAMARI,1
TAMI,1
TANA,1
TANGIE,1
TANNA,1
TAPPER,1
TARI,1
TARKUS,1
TARO,1
TASER,1
TASHI,1
TASSIE,1
TATE,1
TATER TOTT,1
TATIA,1
TATIANA,1
TATIYANNA,1
TAWNY,1
TAX,1
TAZZEE,1
TAZZIE,1
TAZZY,1
TBONE,1
T-DAWG,1
TEA,1
TEBOW,1
TECKLA,1
TEDDI,1
TEDDI BEAR,1
TEDDY BEAR,1
TEDDY JAMES,1
TEDDY RUXPIN,1
TEDI BEAR,1
TEETE,1
TEGAN,1
TEINE,1
TEKAHN,1
TEKO,1
TEL DOR,1
TELENA,1
TEMBA,1
TEMP,1
TEN TEN,1
TENAKEE,1
TEQUILA,1
TESSIE,1
TESSY,1
TETRA,1
TETSUO,1
TEVA,1
TEXAS,1
THAEOBEO,1
THE DUDE,1
THEADORA,1
THESIOUS,1
THOMAS,1
THORE,1
THUNDER SALL,1
THUNDERBOLT,1
TIARA,1
TIBERIUS,1
TIBOR,1
TICANI,1
TICO,1
TIDBIT,1
TIGA,1
TIGER,1
TIGGY,1
TIKA,1
TIKANI PEARL,1
TIKKI,1
TIKVA,1
TILA-TEQUILA,1
TILLER,1
TILLEY,1
TILT,1
TIMBA,1
TIMBRE,1
TIMMY,1
TIMO,1
TIMOTHY,1
TINGNOI,1
TINGTING,1
TINK,1
TINKA,1
TINKER,1
TINNIE,1
TIP,1
TIPPER,1
TIPPY TOES,1
TISHKA,1
TOA,1
TOBY II,1
TOGIAK,1
TOKEN,1
TOKI,1
TOKLAT,1
TOKO,1
TOLI,1
TOLMIN,1
TOMEO,1
TOMODASHI II,1
TOO TOO,1
TOOT,1
TOOTHLESS,1
TOOTS,1
TOPO,1
TOPPER,1
TORO,1
TORPEDO,1
TORQUE,1
TOSINA,1
TOVA,1
TOVIA,1
TOWELIE,1
TOYA,1
TRACKER,1
TRACY,1
TRANGO,1
TRAVELER,1
TREX,1
TRILEBOO,1
TRILLIAN,1
TRIP,1
TRISCUIT,1
TROUBLE TOO,1
TROUPER,1
TRUCK,1
TRUE,1
TRUFFLE,1
TRUFFLES,1
TRYGG,1
TUBS,1
TUCK,1
TUCKER ROO,1
TUDOR,1
TUGARUS,1
TUGBE,1
TUGG,1
TUGGER,1
TUHKA,1
TUI,1
TULE,1
TULI,1
TULIP,1
TULLA,1
TULO,1
TUNA,1
TUNDRA JADE,1
TURK,1
TURKEY,1
TURKISH,1
TUSKER,1
TUTSI,1
TWINK,1
TWITTER,1
TWIX,1
TYCHO,1
TYE,1
TYGA,1
TYGE,1
TYPHOID,1
TYRUS,1
TYTUS,1
UELI,1
UKIAH,1
UKIE,1
ULBRECHT,1
ULLA,1
ULLAR,1
ULLER,1
UMA,1
UNA,1
URSA,1
URSUS,1
USCHI,1
USZKA,1
VALENTINE,1
VALLEY,1
VANELLOPE,1
VAYDA,1
VELMA,1
VENN,1
VENTA GUMS,1
VENUS,1
VERLIS,1
VERN,1
VERONA,1
VIC,1
VICTOR,1
VIDA,1
VIDA LOCA,1
VIENNA,1
VIGO,1
VINNY,1
VITO,1
VIVEE,1
VLADIMIR,1
VOLTA,1
VOODOO,1
WABB,1
WALKER,1
WALLEY,1
WALNUT,1
WARLOCK,1
WASABI,1
WASH,1
WASHBURN,1
WAVERLY,1
WAYLON,1
WEASEL,1
WEATHERBY,1
WEDGE,1
WEEZER,1
WELLINGTON,1
WENDELL,1
WENDIGO,1
WESSON,1
WESTWOOD,1
WHEELER,1
WHIMSY,1
WHINNIE,1
WHIRRLEY,1
WHISKEY GIRL,1
WHITE BOY,1
WHITE SOCK,1
WHITEY,1
WIGGLEBUTT,1
WILBUR,1
WILE E,1
WILE-E,1
WILEY COYOTE,1
WILHELMINA,1
WILLIWAW,1
WILLOU,1
WILLOW KAYA,1
WINDEE,1
WINNIFRED,1
WINSTON CHUR,1
WISHBONE,1
WOLFE,1
WOLFIE,1
WOOBY,1
WOODROW,1
WOODY BOUDRO,1
WOOF,1
WOOKIE,1
WOOTER,1
WOOTIE,1
WRANGLE,1
WRANGLER,1
WREN,1
WRILEY,1
WULA,1
WYLIE,1
WYNN,1
WYNNIE,1
X,1
XAADAS,1
XAN,1
XENA WOOD,1
XENIA,1
XERXES,1
XOCHITL,1
YAHTZEE,1
YAKONE,1
YANKLE,1
YETI,1
YIPPEE,1
YKSI,1
YMBER,1
YOGI BEAR,1
YOLI,1
YOTA,1
YOZHKA,1
YSABEAU,1
YUGI,1
YUM YUM,1
YURI,1
YUUKO,1
ZACHARY,1
ZADIE,1
ZAHA,1
ZAMBO,1
ZANE,1
ZARA,1
ZASHI,1
ZAYCA,1
ZAZEE,1
ZEAL,1
ZEB,1
ZEBO,1
ZEEKE,1
ZEENA,1
ZEEV,1
ZEEVA,1
ZEEVAH,1
ZEEZEE,1
ZEISHA,1
ZEN,1
ZEN-BOY,1
ZENDOR,1
ZIESA,1
ZIGGS,1
ZIGI,1
ZIGMOND,1
ZILI,1
ZILLA,1
ZIMA,1
ZINA,1
ZINN,1
ZIVA RANAE,1
ZIZU,1
ZOEY DAISY,1
ZOEY MARIE,1
ZOLA,1
ZONA,1
ZOOEY,1
ZOOIE,1
ZORBA,1
ZORRA,1
ZOTTER,1
ZOYA,1
ZSA ZSA,1
ZUNA,1
ZUNI,1
ZURI,1
ZUZU,1
ZYLA DIXIE,1
